"Dealer Registration","Dealer Registration"
"Want to be a dealer?","Want to be a dealer?"
"Personal Information","Personal Information"
"Sign Up for Newsletter","Sign Up for Newsletter"
"Address Information","Address Information"
"Address","Address"
"Please select a region, state or province.","Please select a region, state or province."
"* Required Fields","* Required Fields"
"Sign-in Information","Sign-in Information"
"Email","Email"
"Password","Password"
"Password Strength","Password Strength"
"No Password","No Password"
"Confirm Password","Confirm Password"
"Create an Account","Create an Account"
"Back","Back"